{
    "submissionMap": [
        {
            "BID": "ee8a89d8",
            "BINS": [
                {
                    "bin":"444448",
                    "submission_type": [
                        "Application (AA)",
                        "Declined Application (AR)",
                        "Inquiry (AI)",
                        "Debit Inquiry (DI)",
                        "Non-Bankcard Inquiry (NI)",
                        "Retroactive Inquiry (RI)",
                        "Delete (AD)"
                    ]
                      
                },
                {
                    "bin":"444449",
                    "submission_type": [
                        "Declined Application (AR)",
                        "Inquiry (AI)",
                        "Debit Inquiry (DI)"
                    ]
                },
                {
                    "bin":"444450",
                    "submission_type": [
                        "Application (AA)",
                        "Declined Application (AR)",
                        "Debit Inquiry (DI)"
                    ]
                },
                {
                    "bin":"444451",
                     "submission_type": [
                        "Application (AA)",
                        "Declined Application (AR)",
                        "Inquiry (AI)",
                        "Debit Inquiry (DI)",
                        "Non-Bankcard Inquiry (NI)",
                        "Retroactive Inquiry (RI)",
                        "Delete (AD)"
                    ]
                }
            ]
        }
    ]
}