{
	"user_id": "177",
	"user_name": "test",
	"user_settings": [
		{
			"userbid": "888888835676565656",
			"user_dservice": "ICS",
			"user_dbin": "444448",
			"user_type": "3",
			"user_mso": "X-MSO - X"
		}
	],
	"MSO_settings": [
		{
			"mso_bid": "8888888",
			"mso_dbin": "ICS",
			"mso_bin": "555555",
			"mso_details": [
				{
					"label": "0",
					"value": null
				},
				{
					"label": "A",
					"value": "MSO - A"
				},
				{
					"label": "B",
					"value": "MSO - Bb b"
				},
				{
					"label": "C",
					"value": "MSO - Casdf"
				},
				{
					"label": "D",
					"value": "MSO - D"
				},
				{
					"label": "E",
					"value": "MSO - E"
				},
				{
					"label": "F",
					"value": "MSO - F"
				},
				{
					"label": "G",
					"value": "MSO - G"
				},
				{
					"label": "H",
					"value": "MSO - H"
				},
				{
					"label": "I",
					"value": "MSO - I"
				},
				{
					"label": "J",
					"value": "MSO - J"
				},
				{
					"label": "K",
					"value": "MSO - K"
				},
				{
					"label": "L",
					"value": "MSO - L"
				},
				{
					"label": "M",
					"value": "MSO - M"
				},
				{
					"label": "N",
					"value": "MSO - N"
				},
				{
					"label": "O",
					"value": "MSO - O"
				},
				{
					"label": "P",
					"value": "MSO - P"
				},
				{
					"label": "Q",
					"value": "MSO - Q"
				},
				{
					"label": "S",
					"value": "MSO - Saturday"
				},
				{
					"label": "T",
					"value": "MSO - T - TOM"
				},
				{
					"label": "U",
					"value": "MSO - U"
				},
				{
					"label": "V",
					"value": "MSO - V - VISA"
				},
				{
					"label": "W",
					"value": "MSO - W"
				},
				{
					"label": "X",
					"value": "MSO - X"
				},
				{
					"label": "Y",
					"value": "MSO - Y"
				},
				{
					"label": "Z",
					"value": "MSO - Z"
				}
			]
		}
	],
	"purge_settings": [
		{
			"purgeBid": "567890",
			"purge_dbin": "ICS",
			"purge_bin": "444444",
			"automatic": [
				{
					"purge_days": 2
				}
			],
			"immediateoptions": [
				{
					"option": 2,
					"dateVal": "11/16/2017"
				}
			]
		}
	]
}