{
    "icsdata": [
        {
            "code": "001",
            "description": "Bankruptcy Alert"
        },
        {
            "code": "002",
            "description": "Bankruptcy Alert"
        },
        {
            "code": "003",
            "description": "Bankruptcy Alert"
        }
    ],
    "frauddata": [
        {
            "fraudtype": "05-Account take over",
            "matchtype": "Bankruptcy Alert",
            "accNo": "20167887889",
            "reportDate": "01/07/2015",
            "caseno": "CN00800",
            "disputeCode": "00 -No disputes"
        },
        {
            "fraudtype": "06-Account take over",
            "matchtype": "Bankruptcy Alert",
            "accNo": "20167887889",
            "reportDate": "01/07/2015",
            "caseno": "CN00800",
            "disputeCode": "02 -No disputes"
        },
        {
            "fraudtype": "07-Account take over",
            "matchtype": "Bankruptcy Alert",
            "accNo": "20167887889",
            "reportDate": "01/07/2015",
            "caseno": "CN00800",
            "disputeCode": "03 -No disputes"
        }
    ],
    "creditcard": [
        {
            "contact": "SSN",
            "activity1": "3",
            "activity2": "0",
            "activity3": "0",
            "activity4": "0",
            "disputeCode": "00 -No disputes"
        },
        {
            "contact": "Phone",
            "activity1": "5",
            "activity2": "0",
            "activity3": "0",
            "activity4": "0",
            "disputeCode": "-"
        },
        {
            "contact": "Address",
            "activity1": "1",
            "activity2": "0",
            "activity3": "0",
            "activity4": "0",
            "disputeCode": "-"
        }
    ],
    "creditdata": [
        {
            "details": "SSN",
            "validationresults": "Yes",
            "questionabledata": "D0 - No questionable data found"
        },
        {
            "details": "Address",
            "validationresults": "Yes",
            "questionabledata": "D0 - No questionable data found"
        },
        {
            "details": "Phone",
            "validationresults": "Yes",
            "questionabledata": "D0 - No questionable data found"
        }
    ],
    "bankruptcyalert": [
        {
            "datefiled": "-",
            "currentstatus": "-",
            "countnumber": "-",
            "chaptertype": "-",
            "namefiled": "-",
            "debtindicator": "-",
            "bankruptcydisputecode": "-"
        }
    ]
}